timesteps,median,q25,q75,min,max,n_runs
10000,-181.4174,-187.7644,-177.1286,-192.4362,-172.2035,5
20000,-176.1463,-177.5605,-169.2585,-184.3625,-154.2367,5
30000,-156.7772,-158.4518,-140.6301,-169.2275,-139.3625,5
40000,-147.4333,-148.4582,-142.4553,-156.2768,-140.1535,5
50000,-136.6842,-142.0092,-131.7121,-162.4138,-128.1709,5
60000,-123.6124,-129.5586,-120.9032,-145.5032,-112.8835,5
70000,-121.7984,-125.3086,-115.7456,-147.3879,-113.9718,5
80000,-109.6307,-118.1970,-101.6400,-131.6165,-99.3889,5
90000,-102.1293,-106.1210,-98.7891,-118.5871,-95.2367,5
100000,-89.1395,-107.3876,-86.1005,-113.8115,-82.8470,5
110000,-69.7331,-80.3043,-66.6351,-100.6381,-64.2874,5
120000,-74.6790,-76.6492,-60.9205,-101.5882,-57.1120,5
130000,-57.3104,-67.1098,-51.6225,-96.1686,-46.0913,5
140000,-52.0809,-52.9076,-40.6518,-77.0452,-34.1091,5
150000,-39.3330,-40.8485,-37.0794,-58.4250,-24.2653,5
160000,-21.9280,-28.7215,-19.3934,-45.1031,-18.8482,5
170000,-22.6384,-26.2498,-15.5896,-38.8241,-8.1051,5
180000,-14.9561,-21.2832,-12.5321,-25.7246,-2.6991,5
190000,-10.8858,-13.0758,-9.9890,-16.1456,1.6182,5
200000,-11.3279,-12.4919,-7.0482,-12.8068,5.2827,5
210000,-4.1235,-10.3137,-1.4894,-10.8660,5.5904,5
220000,-4.3595,-5.6353,0.0906,-15.1590,10.7838,5
230000,6.8594,-1.8669,8.4990,-22.6288,12.5297,5
240000,11.4460,3.3184,12.3115,-20.8091,12.8312,5
250000,17.1841,11.3280,17.5876,-8.1445,17.7625,5
260000,17.0502,11.2401,20.4431,-6.4341,24.6932,5
270000,16.3494,10.8748,25.4631,1.9989,31.3724,5
280000,15.7516,14.2809,34.2830,12.5370,35.0653,5
290000,18.8250,18.6039,39.1616,15.1081,40.1647,5
300000,18.8440,18.2541,43.3785,16.9786,50.4914,5
310000,26.9410,26.5401,49.7958,18.6881,50.5010,5
320000,32.3353,26.6389,52.4686,17.4209,56.5211,5
330000,30.9383,29.1740,60.6487,27.7004,62.4470,5
340000,32.7975,29.1083,57.5756,28.3532,68.5570,5
350000,35.2139,34.8732,69.0617,33.8554,77.6222,5
360000,42.5075,37.2508,72.6642,36.8803,83.2681,5
370000,48.2353,44.5555,75.6940,38.7072,82.9111,5
380000,54.5654,46.8115,75.4583,39.6064,89.9243,5
390000,58.7064,47.2401,77.3913,45.0292,92.4263,5
400000,67.4253,51.9943,76.0517,50.6368,96.4405,5
410000,73.5262,57.1892,78.4729,56.9202,100.3602,5
420000,76.8208,59.6218,91.2822,55.9077,101.8576,5
430000,84.7633,61.9901,92.2759,60.2621,100.3481,5
440000,86.5569,67.6281,93.1176,62.9161,102.7187,5
450000,88.6737,70.6782,98.7868,67.6117,104.3332,5
460000,87.6143,75.4471,103.3515,72.7167,105.1421,5
470000,85.2034,84.9279,103.8616,80.1940,111.2552,5
480000,89.0327,87.5074,106.9023,84.2007,118.6964,5
490000,92.2242,91.7310,107.3082,81.1949,121.0781,5
500000,96.1679,91.7653,111.4085,86.7754,122.1041,5
510000,97.4621,97.4442,114.0738,92.0819,122.8443,5
520000,100.3690,98.1136,118.6997,94.6523,123.5329,5
530000,103.9105,96.4907,120.8533,94.1801,124.8732,5
540000,108.0194,97.3849,122.4394,96.5375,125.3136,5
550000,107.6174,97.4052,127.0460,96.1746,127.2595,5
560000,108.6897,102.2565,128.1223,96.2083,131.3734,5
570000,111.2233,104.0384,127.7537,102.4814,132.0762,5
580000,113.9596,106.5479,129.8940,104.9022,134.3987,5
590000,115.5560,113.9238,132.6263,105.0687,135.0258,5
600000,121.4101,113.8800,137.1664,104.4710,138.0858,5
610000,124.0139,116.4792,136.0327,104.8290,140.0449,5
620000,125.7254,118.4114,135.9005,107.9312,140.4986,5
630000,128.4779,123.5981,137.8793,112.6187,143.6992,5
640000,131.0660,122.9290,137.6963,114.9170,144.5467,5
650000,136.8808,129.4316,139.3753,116.9928,145.5042,5
660000,138.7800,130.2679,143.2117,119.1993,144.7032,5
670000,140.1654,128.3893,144.3761,121.9007,145.0019,5
680000,142.4523,129.6316,144.3035,121.7597,146.7706,5
690000,143.8562,129.5213,144.1188,123.4945,148.1512,5
700000,143.7878,131.4715,146.2326,124.8884,151.5510,5
710000,145.0037,131.3297,145.6908,125.4282,154.2824,5
720000,146.4435,132.2529,148.2861,124.9036,154.8664,5
730000,147.3801,134.9285,148.7245,123.0333,156.9974,5
740000,147.8286,135.5547,150.4094,124.1642,155.9781,5
750000,148.0999,137.0918,150.0607,124.2908,156.8083,5
760000,148.9318,138.8198,152.9860,123.0736,156.8084,5
770000,150.0709,139.1726,153.0231,122.8871,157.0931,5
780000,151.7335,138.7979,152.9406,122.6076,156.3602,5
790000,152.4489,142.8474,153.6901,123.9146,154.8222,5
800000,153.0451,141.7684,155.2622,123.0359,157.8519,5
810000,154.9808,141.9799,155.4041,123.0425,155.6734,5
820000,154.0856,138.4406,155.3271,123.3197,156.0390,5
830000,150.7821,138.2823,153.2002,125.6858,160.2976,5
840000,150.0897,140.2719,153.6303,128.1946,164.2798,5
850000,150.3880,138.8484,153.9781,133.1806,167.7756,5
860000,151.7046,141.3040,153.9922,134.2933,183.9799,5
870000,150.5601,141.1852,154.7393,135.7224,201.5281,5
880000,149.1213,141.0786,154.7431,136.7522,217.2663,5
890000,147.2984,140.4351,155.1736,136.5893,241.9940,5
900000,148.1989,141.5193,158.3006,136.9211,258.7907,5
910000,151.4369,141.8971,160.6667,141.1629,260.2667,5
920000,154.3961,144.2779,162.9372,142.0260,258.8934,5
930000,156.7492,142.1757,166.2807,141.6982,259.9911,5
940000,155.9772,144.1285,165.6706,137.5310,259.8863,5
950000,158.3728,140.5551,167.2196,135.2283,265.2346,5
960000,161.1238,146.1346,168.7897,134.9701,270.9173,5
970000,161.1805,153.1305,168.7303,135.9632,270.6329,5
980000,162.2568,161.2393,175.6383,136.7316,268.0436,5
990000,172.0319,165.8314,179.3113,134.0475,271.4981,5
1000000,182.9524,170.6109,186.3640,133.3806,272.7066,5
