timesteps,elapsed_seconds,ep_rew_mean,ep_rew_std,ep_len_mean
1008,0.078,-146.68566,57.739002000000006,60.5
2000,0.156,-170.69539680000005,79.0573574451494,85.13333333333334
3008,0.25,-156.4108485555556,89.504455301231,85.22222222222223
4000,0.359,-155.2356097647059,86.61581024992688,86.88235294117646
5008,0.469,-184.39161198000002,108.98797278256082,90.34
6000,0.562,-181.32913954385967,109.44509675779264,89.21052631578948
7008,0.656,-186.44328587142854,112.36850291119234,90.2
8000,0.766,-184.07272805063292,108.12850075966456,89.9620253164557
9008,0.859,-179.33159842391302,106.3280224625996,90.43478260869566
10000,2.281,-177.12857947999998,106.27773697907192,90.52
11008,2.375,-181.67238858999997,113.20141838121195,90.62
12000,2.469,-182.04339664,114.41531443143836,91.26
13008,2.594,-183.21169314,113.47647711992457,91.5
14000,2.687,-171.90835299999998,113.34055857666104,90.55
15008,2.766,-179.36384798,119.075981439399,91.57
16000,2.844,-174.07942903000003,116.56160085099239,91.35
17008,6.547,-174.72820078,116.43721296103658,90.99
18000,6.641,-179.12111787,114.44317225303735,91.32
19008,6.734,-176.97680349,110.59111078528763,92.09
20000,7.109,-177.56045123,111.68563337082841,93.44
21008,7.187,-172.93403010999998,105.19675751480445,92.76
22000,7.266,-170.73818881000003,107.64657349314118,92.64
23008,7.359,-167.02990109,106.20649550322183,93.6
24000,7.453,-159.4554107,89.61634205980147,94.31
25008,7.531,-151.90254386999996,85.69135541296362,94.7
26000,7.625,-146.99862025000002,82.23540832023208,94.02
27008,7.719,-136.44967950999998,86.26712290167929,93.68
28000,7.828,-141.17498058000004,93.70791182490035,95.1
29008,7.937,-139.65477796,95.21480108031139,94.52
30000,8.469,-140.63005927,92.75491013303068,95.39
31008,8.594,-140.95061877999999,89.58410534909055,93.19
32000,8.703,-142.22533828,90.30100704687909,90.27
33008,12.797,-143.09939274,89.0716997086749,89.71
34000,12.922,-148.33146101,87.39717376572129,89.54
35008,13.047,-148.36251306,87.3972687101146,90.61
36000,13.187,-152.15161884,75.28679823779083,90.41
37008,13.328,-147.27767051,70.51939971398828,88.79
38000,13.453,-148.46101002999998,68.71971956723394,89.13
39008,13.547,-137.87035309,68.76780673275871,88.31
40000,16.062,-142.45531995,77.91709190787304,88.34
41008,16.203,-144.57407809999998,75.61258207053652,90.41
42000,16.312,-144.22098091,77.41417849098684,89.95
43008,16.422,-138.49426511000001,79.26519276015338,90.72
44000,16.516,-138.3622559,78.85688373635362,89.71
45008,16.625,-134.10710565,79.17656633678178,89.33
46000,16.719,-136.36332800000002,81.37340632843365,90.9
47008,16.828,-133.68029035,80.61652325427791,89.78
48000,16.922,-137.69776425999999,78.84124884966809,90.59
49008,17.016,-131.36397902000002,66.09222031755279,91.18
50000,28.453,-136.68417323,70.59085462530929,91.8
51008,28.547,-130.23710317,68.11921710503229,91.76
52000,28.625,-131.4573044,62.96167138502739,91.01
53008,28.734,-130.74516258,65.333210556701,91.41
54000,28.828,-133.7224294,65.31970145063359,91.04
55008,28.922,-129.21375731,59.65225954515098,92.06
56000,29.016,-126.68486218000002,58.05805473731523,91.85
57008,29.094,-124.65334275999997,56.629100680057945,91.57
58000,29.172,-122.49923768,58.58620602521656,91.07
59008,29.266,-116.13325732999999,48.62087551731691,89.72
60000,32.797,-120.90323246999998,52.07457867296315,89.37
61008,32.906,-120.93974867000001,56.38354755146811,90.79
62000,33.0,-118.95983617000002,55.927851383342805,91.14
63008,33.094,-119.09646542,60.53772695407779,90.43
64000,33.203,-118.28243157000003,61.340268750417096,91.65
65008,33.312,-117.90464997,61.54178060973636,89.75
66000,36.812,-120.01149038,61.03219096553108,91.11
67008,36.937,-120.96476229,60.9726216563992,91.26
68000,37.078,-121.10818114,62.69163159999569,91.06
69008,37.203,-117.41174144,63.852711516311565,92.38
70000,42.156,-113.97175560999999,63.466607663336205,92.65
71008,42.297,-109.92611340000002,59.72813201456895,92.49
72000,42.422,-108.58444822999999,57.4637733961553,92.71
73008,42.562,-100.28503968999998,45.10567803592621,91.79
74000,42.687,-97.55104029,47.3290210200211,100.46
75008,42.797,-96.40587934999999,45.71140481278918,101.02
76000,42.906,-99.04204309,48.558238705944646,101.32
77008,43.031,-99.44641173999999,49.60220706920597,103.17
78000,43.141,-97.76342811999999,45.71613854060268,104.37
79008,43.25,-97.09747655000001,42.508242625346,102.44
80000,47.625,-99.38889579,41.65196099055732,102.57
81008,47.75,-103.45045239,43.28141161486252,103.34
82000,51.453,-103.93022647,44.626291437841125,102.56
83008,51.578,-105.67904245,43.29016997042994,103.85
84000,51.734,-105.76552542999998,43.92200692823579,94.74
85008,51.828,-103.14484627999998,48.42022495326483,105.48
86000,51.922,-97.96293902000001,45.80762081522055,104.95
87008,52.016,-97.82768439,45.59192573961642,105.04
88000,52.094,-95.60448965999998,43.69708046836282,105.28
89008,52.187,-94.78138288999999,42.977339034614005,105.66
90000,60.203,-95.23670693,42.345888279607884,106.62
91008,60.281,-95.07800324,44.87722091369199,106.82
92000,60.375,-94.34176275,43.29676557678532,107.49
93008,60.5,-92.52995100000003,42.788953431570356,106.85
94000,60.594,-92.91603433999998,41.32863102125651,108.53
95008,60.687,-95.55514898,37.54488293995621,98.2
96000,60.781,-93.45062372000001,37.691708313723296,98.77
97008,60.891,-93.43080974,38.35650251482925,98.63
98000,61.0,-93.84670263000004,38.85792672975727,97.49
99008,64.766,-92.03090287999997,38.14403974680149,98.63
100000,71.797,-89.13952350999998,39.31756269329689,98.4
101008,71.922,-82.39104784,31.821106278184022,96.25
102000,72.156,-79.65895905,31.541314455292994,96.17
103008,72.297,-75.83380159000001,32.30044672833285,95.54
104000,72.406,-73.83281446999999,31.358788489085207,94.14
105008,72.531,-72.28764075,29.740179379807646,93.74
106000,72.641,-74.03597441,30.867920207518328,94.82
107008,72.781,-71.4145205,29.49818043877174,94.78
108000,72.906,-71.62494033999998,28.19517964932941,95.19
109008,73.031,-67.81584354,25.318954860057733,94.76
110000,79.953,-66.63507378,25.907869521099112,94.14
111008,80.078,-69.61208968999999,26.94654106221692,96.77
112000,80.187,-68.53767459,29.9468981102953,105.17
113008,80.297,-70.75704498,29.732790071931124,106.21
114000,80.391,-71.16742267000001,29.781331527405616,107.4
115008,84.156,-70.87225728,29.208623862095816,107.75
116000,84.25,-66.67466666,29.56095799198044,107.79
117008,84.344,-66.71032466000001,29.713068117496675,107.58
118000,84.453,-63.77418689,29.997007768409528,107.88
119008,84.547,-62.38422068,30.819872593273228,107.72
120000,91.203,-60.920479240000006,30.65727393045304,108.72
121008,91.297,-57.62446478000001,30.460406888901574,107.38
122000,91.391,-56.007536959999996,28.730260812393304,98.94
123008,91.484,-53.479911140000006,27.36227177871881,98.35
124000,91.578,-51.75954384,26.81534488892211,99.81
125008,91.687,-51.92378123,26.39811656862719,100.31
126000,91.812,-51.03619704,25.659373587709943,99.6
127008,91.953,-49.51925683000001,25.778577165373644,100.39
128000,92.062,-49.41308385,25.789240468799697,101.38
129008,92.187,-51.03866799999999,26.156248335926016,101.77
130000,99.609,-51.622493780000006,26.733750305722243,101.88
131008,99.719,-54.631223720000015,25.550532531150854,101.85
132000,103.453,-53.856051100000016,25.05919314174474,101.17
133008,103.547,-51.347810820000014,26.852507540432278,101.97
134000,103.641,-50.71630028,27.04959345516605,100.03
135008,103.75,-46.16928574999998,27.80963893643146,101.06
136000,103.844,-47.188797829999984,27.640565379820973,101.58
137008,103.937,-45.650195620000005,27.700431353987153,101.58
138000,104.031,-45.442646880000005,27.200143951103122,100.57
139008,104.125,-42.69313721999999,26.8096728239873,102.19
140000,110.5,-40.65184116,25.208648773772225,103.54
141008,110.594,-39.32311249,25.227621609219923,104.77
142000,110.687,-37.13483158,23.887340160927753,105.5
143008,110.797,-38.61350315,28.980562254526696,107.0
144000,110.906,-40.992574919999996,28.30912749998907,108.66
145008,111.0,-40.308128579999995,27.855533938103815,110.26
146000,111.094,-39.60586383999999,27.310230657089743,110.54
147008,111.187,-39.54870735,26.742000927939625,110.86
148000,115.016,-39.10799873999999,27.69539777565839,111.81
149008,115.109,-37.72617274,28.037198173786646,111.7
150000,119.609,-37.079408,28.131352775764498,111.38
151008,119.719,-36.71081715,29.219096189816522,111.47
152000,119.812,-35.48012758,29.726146483467115,110.71
153008,119.922,-34.79653509999999,29.670039173555047,112.87
154000,120.031,-30.867702080000004,25.594065124402448,114.15
155008,120.125,-28.61652771,25.8609914749057,113.55
156000,120.219,-28.15970412,25.902708274606308,112.88
157008,120.328,-26.010781159999997,25.995044137332997,113.17
158000,120.422,-25.00797197,26.538970216237697,114.39
159008,120.531,-22.284546140000003,25.318715486280038,116.02
160000,128.25,-21.92799656,25.64764558442596,116.63
161008,128.359,-21.55647574,25.14320000791312,117.67
162000,128.484,-21.987125109999997,24.966370789202116,117.01
163008,128.594,-21.968729720000006,23.966847351600066,119.0
164000,132.437,-20.20175494,24.553109015419523,120.13
165008,132.547,-19.04052276,24.714977229751558,118.86
166000,132.656,-18.62916517,24.630841806032905,117.76
167008,132.781,-17.997664659999998,26.500881828629467,117.97
168000,132.937,-17.61007,26.15830648565357,119.66
169008,133.109,-15.859320559999999,26.57270308502741,121.7
170000,139.953,-15.589561929999997,27.22697408776116,122.34
171008,140.141,-17.16364564,27.493630582590523,122.98
172000,140.359,-14.80756008,27.867207122644608,123.49
173008,140.594,-15.21269064,27.796709520657902,124.14
174000,140.812,-14.529820330000002,27.44951504535967,125.53
175008,141.062,-14.95594214,29.47539542075426,126.3
176000,141.297,-14.345462800000002,30.305811611116976,126.49
177008,141.578,-11.875345050000004,30.271945374378678,126.01
178000,141.859,-10.677465430000002,30.30220147582011,127.53
179008,142.141,-11.164399170000001,30.07922460796737,136.45
180000,149.359,-12.532073890000001,31.753819052312704,146.38
181008,152.937,-12.640705259999999,31.091584879327176,147.65
182000,153.109,-12.417304040000001,31.255951210788194,148.98
183008,153.312,-11.52823315,29.76222608656366,150.96
184000,153.5,-11.59137013,29.79162842797162,151.4
185008,153.766,-11.510892060000002,29.50352783491181,151.46
186000,154.016,-12.092730260000002,29.89747372723768,150.91
187008,154.281,-11.727986739999999,29.75429868933833,151.91
188000,154.594,-10.917379630000003,29.753194881881104,162.05
189008,154.875,-10.917379630000003,29.753194881881104,162.05
190000,159.578,-9.989002270000002,29.217456146637165,162.82
191008,159.906,-10.995013370000002,29.985053237185607,164.59
192000,160.266,-10.967475430000002,29.998560581700968,175.54
193008,160.609,-10.846884150000001,30.003396297435792,175.98
194000,160.969,-10.21788528,31.654958409145188,185.19
195008,161.344,-9.436671180000003,31.823035607970496,185.23
196000,161.609,-7.13125491,33.30828591523809,202.34
197008,165.25,-8.477952270000001,34.63924003332309,203.46
198000,165.594,-6.385075439999998,33.550166471995986,203.69
199008,165.922,-6.334637179999999,33.67098843205921,204.09
200000,173.484,-7.04815111,35.36168672634165,205.4
201008,173.844,-5.598944499999999,37.43679575400393,223.59
202000,174.141,-3.56196503,37.65698511115284,225.18
203008,174.484,-6.286957909999999,42.2413790150094,219.29
204000,174.797,-4.039843979999999,41.12767881424884,228.63
205008,175.031,-4.411239739999999,41.237381831916885,228.88
206000,175.297,-2.8126690399999994,41.85503649792658,229.38
207008,175.578,-3.8599580099999997,41.88592670876556,229.09
208000,175.859,-3.67542273,41.95934223544034,229.25
209008,176.187,-3.85107591,42.08441751663238,229.9
210000,184.797,-4.123497329999999,42.58350439872424,230.45
211008,185.187,-3.8560683800000004,42.62112822230914,239.48
212000,185.516,-3.75444382,42.77233553553546,257.02
213008,189.422,-3.7045659700000004,42.88561353274584,257.71
214000,189.703,-2.184409799999999,43.9126298655981,266.34
215008,190.016,-2.4287898699999992,44.37426916331242,267.01
216000,190.344,-2.8313742299999998,44.0542096006525,258.31
217008,190.703,-1.3217499999999995,44.64775046240049,266.93
218000,191.078,-0.6157692700000001,45.23932884243277,275.77
219008,191.5,-0.7093352800000003,45.640537664330004,277.76
220000,201.875,0.0906490799999996,46.34242082855869,286.5
221008,202.328,0.41632866999999996,46.19477574374767,286.1
222000,202.891,1.4926679699999996,47.33762096573837,294.53
223008,203.406,2.2179282299999996,47.49510874115967,301.52
224000,203.969,2.2179282299999996,47.49510874115967,301.52
225008,204.625,2.3716088700000006,47.53001490832251,310.26
226000,205.375,2.7164477300000005,47.50994123654839,311.11
227008,206.156,3.1732056400000004,48.086657201926734,311.11
228000,206.859,4.5311719,48.74524280792495,327.42
229008,207.5,5.37864863,49.25943387746441,336.35
230000,223.078,6.8593625000000005,49.99129101631987,345.27
231008,223.625,8.35675574,49.64701750436015,355.08
232000,224.094,8.26965578,49.69915586865868,354.66
233008,224.578,7.731862040000001,49.801150203073966,363.75
234000,225.031,8.76916773,50.695564341466415,372.69
235008,225.484,8.68522639,50.16296494115624,373.03
236000,225.812,9.71692099,51.18309292196784,382.08
237008,226.156,11.257823340000002,50.252306542271214,383.9
238000,226.547,11.98488104,50.60646213684287,392.82
239008,226.953,12.751128279999998,49.54067352213582,393.31
240000,237.75,12.311501089999997,49.66443679130503,394.0
241008,238.219,12.311501089999997,49.66443679130503,394.0
242000,238.75,14.448195509999998,52.23047936204219,411.0
243008,239.234,15.410199920000002,53.01482208091994,419.73
244000,239.703,16.926551410000005,51.57413987095262,427.3
245008,240.219,16.048100180000002,51.33741865176041,418.94
246000,244.312,16.1691852,51.3290165911905,419.54
247008,244.797,16.95448725,51.247231713347304,427.46
248000,245.219,17.99025137,52.12130708052047,443.94
249008,245.609,17.18411479,52.47884745553484,444.75
250000,258.406,17.18411479,52.47884745553484,444.75
251008,258.937,20.31914808,47.95006102196338,460.06
252000,259.516,19.16165909,51.07217543853047,461.68
253008,260.031,20.525103559999998,52.18243420878516,470.17
254000,260.5,19.763137669999995,56.904698619603415,473.36
255008,260.891,21.68459419,57.07197068451723,491.18
256000,261.312,21.68459419,57.07197068451723,491.18
257008,261.828,20.587255799999998,57.278978540752206,492.11
258000,262.344,19.823425990000004,57.50208520319269,492.73
259008,262.937,21.308538660000004,57.61800272985803,501.34
260000,276.594,20.443088189999997,59.06272132455105,502.61
261008,277.047,21.06242108,59.68600966553686,511.88
262000,277.469,22.383450940000003,59.786297193209386,520.57
263008,281.547,23.050972399999996,60.56351169883802,529.16
264000,281.937,24.55087026,61.25688739216922,545.91
265008,282.344,24.55087026,61.25688739216922,545.91
266000,282.797,24.55087026,61.25688739216922,545.91
267008,283.328,24.044265690000003,62.23413418105451,546.13
268000,283.875,23.15010808,65.78664378082027,555.85
269008,284.375,23.971104359999998,66.11983629917107,564.58
270000,296.672,25.463060950000003,66.59429009077017,564.58
271008,297.156,27.358226400000003,66.49776729436837,564.83
272000,297.641,27.358226400000003,66.49776729436837,564.83
273008,298.203,29.258786990000004,66.65173171768511,572.59
274000,298.781,29.258786990000004,66.65173171768511,572.59
275008,299.312,29.910419920000002,66.99408762215731,574.29
276000,299.859,30.563888310000006,67.2124183017553,582.56
277008,300.297,33.685968939999995,67.77140106564734,607.16
278000,300.672,34.33987361,67.93057748350365,616.06
279008,304.516,35.274628820000004,68.52194269236382,616.91
280000,310.125,35.06526473,68.55338912325571,617.5
281008,310.578,35.06526473,68.55338912325571,617.5
282000,310.969,36.038771510000004,67.98382527097162,616.88
283008,311.422,36.57565528000001,68.53893303700765,616.88
284000,311.844,37.91847047000001,69.03585683194926,625.38
285008,312.281,37.031464390000004,68.74484168681728,625.38
286000,312.687,37.87378317,68.02409154634071,625.71
287008,313.094,39.03121549,68.63196027502806,625.71
288000,313.531,39.03121549,68.63196027502806,625.71
289008,313.984,40.164708090000005,69.27178703630807,633.87
290000,321.344,40.164708090000005,69.27178703630807,633.87
291008,321.797,41.401857650000004,69.58384976143024,641.89
292000,322.312,41.41142399,69.59006436505379,641.89
293008,322.766,42.67087342999999,70.73030514974863,642.31
294000,323.156,42.6167762,70.80941997487825,642.31
295008,327.25,43.51242609,70.88294200525509,649.92
296000,327.594,44.90541642000001,71.52117065604214,658.32
297008,328.0,44.90541642000001,71.52117065604214,658.32
298000,328.406,44.19182933,73.60605704624652,651.36
299008,328.859,45.90836775999999,74.47212769874614,659.61
300000,334.031,43.37845432,81.22939739553577,665.93
301008,334.484,43.58887237,81.41176414955152,665.93
302000,334.891,42.8875157,81.30201146417453,665.93
303008,335.344,43.9082658,81.72959337057398,674.46
304000,335.766,43.31300262,81.97310096404996,666.18
305008,336.297,43.31300262,81.97310096404996,666.18
306000,336.812,42.37656763999999,81.73028285710468,658.31
307008,337.422,43.60857631999999,82.07873468780303,666.58
308000,337.937,44.104792669999995,82.38822873826312,666.58
309008,338.5,47.653802639999995,83.10836824078856,681.51
310000,343.391,50.50096691999999,83.46545250416915,698.06
311008,343.812,48.95591719,83.66111667405038,689.58
312000,347.766,49.61040546,83.86225939445022,689.58
313008,348.187,49.61040546,83.86225939445022,689.58
314000,348.547,52.44357012,84.67697354856449,706.49
315008,348.937,52.37335873999999,85.77325307972568,706.82
316000,349.391,53.11077391999999,86.15793977884691,706.82
317008,349.812,52.499907529999994,86.04010637508297,698.8
318000,350.234,52.499907529999994,86.04010637508297,698.8
319008,350.703,52.499907529999994,86.04010637508297,698.8
320000,356.219,52.46861876999999,85.66103472271026,690.54
321008,356.656,52.46861876999999,85.66103472271026,690.54
322000,357.141,52.67073027000001,85.71595415248134,690.54
323008,357.5,56.36017768999999,82.48682438838968,696.97
324000,357.875,57.05070956999999,82.64251936243684,705.31
325008,358.25,56.11336842,83.07332135834083,697.23
326000,358.641,59.829052629999985,80.35585097534678,702.25
327008,359.016,62.08401545999998,79.93386005985984,710.28
328000,362.875,62.08401545999998,79.93386005985984,710.28
329008,363.25,61.214456819999995,80.95100985741216,711.96
330000,368.641,62.44703331999998,80.65542725692931,719.89
331008,369.0,65.56702028,78.37032242174891,734.93
332000,369.297,67.91199535,78.5812270443658,738.4
333008,369.641,67.69231156999999,78.76485614773176,738.82
334000,370.016,67.69231156999999,78.76485614773176,738.82
335008,370.516,67.69231156999999,78.76485614773176,738.82
336000,370.984,68.44521117,79.37809155960647,738.82
337008,371.469,68.44521117,79.37809155960647,738.82
338000,371.969,68.44521117,79.37809155960647,738.82
339008,372.531,68.5569509,79.42581865921217,738.82
340000,378.266,68.5569509,79.42581865921217,738.82
341008,378.922,69.99835788,78.86731267931275,746.77
342000,379.453,72.10754019,76.54749757472655,754.9
343008,379.922,76.0258414,72.04799853447955,762.16
344000,380.359,76.0258414,72.04799853447955,762.16
345008,383.984,76.58856248000001,72.29614285022028,762.16
346000,384.437,75.76291038000001,72.55350893043101,754.16
347008,384.891,77.14212477000001,72.48241523294189,770.93
348000,385.266,76.80690928,72.32039231238743,770.93
349008,385.687,77.62223253,72.47151432628974,778.02
350000,391.656,77.62223253,72.47151432628974,778.02
351008,392.094,77.62223253,72.47151432628974,778.02
352000,392.625,77.82128554000002,72.65864277480665,778.02
353008,393.172,77.82128554000002,72.65864277480665,778.02
354000,393.719,77.82128554000002,72.65864277480665,778.02
355008,394.219,78.10476182000002,72.74116421390414,778.02
356000,394.766,78.10476182000002,72.74116421390414,778.02
357008,395.406,78.21146052000002,72.81142830422489,778.02
358000,395.859,82.99037353000001,73.32989871121583,789.87
359008,396.297,83.26813927,73.57341721390188,789.87
360000,401.172,83.26813927,73.57341721390188,789.87
361008,405.469,81.67544978000002,75.0319324486603,781.79
362000,405.906,81.53734890000001,74.95581989842445,781.79
363008,406.312,83.14209237000001,74.4434346105173,789.97
364000,406.687,83.57696496,74.5522169015299,789.97
365008,407.031,83.52291969000002,74.51723833929485,789.97
366000,407.359,83.52291969000002,74.51723833929485,789.97
367008,407.75,82.39321933,74.80910236530643,782.33
368000,408.156,82.91112306999999,75.0188102236458,782.33
369008,408.578,82.91112306999999,75.0188102236458,782.33
370000,414.75,82.91112306999999,75.0188102236458,782.33
371008,415.172,83.54891853999999,74.4756621349474,790.3
372000,415.656,83.54891853999999,74.4756621349474,790.3
373008,416.172,83.65037891000001,74.5208830786131,790.3
374000,416.625,84.32954656,74.57960108796202,790.3
375008,417.078,84.12390937000002,74.50967847101353,790.3
376000,417.531,84.12390937000002,74.50967847101353,790.3
377008,421.187,86.79044976000002,72.1740757129269,797.76
378000,421.562,86.66643378000002,72.13188893879237,797.76
379008,421.953,86.28676809000001,71.80072254212718,798.18
380000,427.656,89.92429459,61.06808132673171,799.62
381008,428.062,91.35708102000001,61.05339040600018,799.62
382000,428.469,90.59475064,61.059769229157276,792.27
383008,428.922,91.94061228999999,60.087397641585696,801.23
384000,429.375,91.83548319999998,60.03449142981332,801.23
385008,429.828,91.32562178,60.64907707371212,801.84
386000,430.328,91.32562178,60.64907707371212,801.84
387008,430.766,92.40350998,59.84235050437482,809.75
388000,431.219,92.40350998,59.84235050437482,809.75
389008,431.75,92.42625317000002,59.990491266619564,806.62
390000,438.109,92.42625317000002,59.990491266619564,806.62
391008,438.562,91.67527556000003,59.88608658538177,806.62
392000,439.016,91.67527556000003,59.88608658538177,806.62
393008,439.484,94.72813566999999,58.22373842356076,823.37
394000,443.156,94.72813566999999,58.22373842356076,823.37
395008,443.531,94.73067380999998,58.2255422526914,823.37
396000,443.937,94.73067380999998,58.2255422526914,823.37
397008,444.375,94.87313410999997,58.27462927241664,823.37
398000,444.75,94.57540764,58.03881097010307,823.37
399008,445.172,96.15832317,55.85796457987452,831.16
400000,450.906,96.44046347,55.58040762171762,839.17
401008,451.312,96.95789920000001,56.31863562539636,839.03
402000,451.687,96.95789920000001,56.31863562539636,839.03
403008,452.062,97.91750497,56.256109082350896,847.05
404000,452.437,97.91750497,56.256109082350896,847.05
405008,452.797,99.72115471999997,55.30068203710312,855.3
406000,453.156,99.72115471999997,55.30068203710312,855.3
407008,453.531,99.56929256,55.33447506946933,855.3
408000,453.922,99.56929256,55.33447506946933,855.3
409008,454.297,100.36021605,55.106700576405075,863.68
410000,462.828,100.36021605,55.106700576405075,863.68
411008,463.187,101.89370007,53.23662348853178,872.32
412000,463.562,101.89370007,53.23662348853178,872.32
413008,463.937,99.89697023000001,53.51042035091752,864.62
414000,464.297,99.48885247,53.63215019963372,864.62
415008,464.656,99.6757437,52.561077636106766,855.93
416000,464.984,101.43519345,50.54913107164344,864.18
417008,465.328,101.43519345,50.54913107164344,864.18
418000,465.719,101.43519345,50.54913107164344,864.18
419008,466.156,101.85756225000002,50.59378633347843,864.18
420000,473.016,101.85756225000002,50.59378633347843,864.18
421008,473.453,102.79764657,48.778466543439976,876.47
422000,473.875,102.79764657,48.778466543439976,876.47
423008,474.328,102.79764657,48.778466543439976,876.47
424000,474.797,102.79764657,48.778466543439976,876.47
425008,475.25,101.98575011000003,49.37393152168607,869.13
426000,478.859,101.98575011000003,49.37393152168607,869.13
427008,479.297,101.98575011000003,49.37393152168607,869.13
428000,479.766,101.15327217000002,50.063160667201785,861.39
429008,480.25,100.65723298,51.37465229202294,853.83
430000,483.828,100.34812189999998,51.29674149366426,853.83
431008,484.234,101.62257099999997,50.68409942589089,861.83
432000,484.562,101.3645248,50.9380349620194,853.5
433008,484.891,101.3645248,50.9380349620194,853.5
434000,485.281,101.3645248,50.9380349620194,853.5
435008,485.687,101.79103223999999,51.05421818153635,853.5
436000,486.125,101.79103223999999,51.05421818153635,853.5
437008,486.531,102.71867202000001,49.59261999337719,861.7
438000,486.969,102.71867202000001,49.59261999337719,861.7
439008,487.453,102.71867202000001,49.59261999337719,861.7
440000,492.937,102.71867202000001,49.59261999337719,861.7
441008,493.469,102.50291169000002,49.576137474949746,861.7
442000,494.0,102.50291169000002,49.576137474949746,861.7
443008,497.891,102.50291169000002,49.576137474949746,861.7
444000,498.375,102.67542076000004,49.706296506739065,861.7
445008,498.844,102.03744516,49.052341968113886,865.38
446000,499.281,101.78871224000002,48.94491438346984,865.38
447008,499.703,103.56622026000002,45.10079311950225,881.43
448000,500.109,104.33324288,44.325204472763886,889.12
449008,500.656,104.33324288,44.325204472763886,889.12
450000,505.141,104.33324288,44.325204472763886,889.12
451008,505.5,104.43117291999997,44.37460931143773,889.12
452000,505.937,104.43117291999997,44.37460931143773,889.12
453008,506.359,103.96416853999999,44.53331630135674,889.12
454000,506.797,103.96416853999999,44.53331630135674,889.12
455008,507.266,103.96416853999999,44.53331630135674,889.12
456000,507.75,103.96416853999999,44.53331630135674,889.12
457008,508.234,103.24156878000002,44.4445761037659,889.12
458000,508.672,103.24156878000002,44.4445761037659,889.12
459008,512.328,103.24156878000002,44.4445761037659,889.12
460000,515.687,103.35150728000002,44.52661821128532,888.89
461008,516.156,103.56908710000002,44.44270317878344,888.89
462000,516.562,103.65981761000003,44.48922267611465,888.89
463008,516.922,105.67940783000002,42.97532333208303,896.78
464000,517.25,106.22616794000001,43.12934424602664,896.78
465008,517.594,104.56182639000001,43.895696647841355,888.91
466000,518.0,104.56182639000001,43.895696647841355,888.91
467008,518.422,104.24500991,44.758276949544005,880.98
468000,518.859,104.24500991,44.758276949544005,880.98
469008,519.297,103.86160987,44.577747153216436,880.98
470000,523.344,103.86160987,44.577747153216436,880.98
471008,523.812,103.86160987,44.577747153216436,880.98
472000,524.281,103.86160987,44.577747153216436,880.98
473008,524.766,104.70945069000001,44.461640787286605,888.13
474000,525.25,104.70945069000001,44.461640787286605,888.13
475008,525.781,104.70945069000001,44.461640787286605,888.13
476000,529.828,104.93494505000001,44.60676799899162,888.13
477008,530.25,106.54891023999998,43.440596515034514,895.68
478000,530.75,106.54891023999998,43.440596515034514,895.68
479008,531.156,106.64793796999999,43.45183403527657,891.92
480000,535.484,106.90231371,43.560755346825715,891.92
481008,535.937,107.00137898999999,43.639390861332785,891.92
482000,536.391,107.00137898999999,43.639390861332785,891.92
483008,536.75,105.97925908,44.61274674529763,883.86
484000,537.156,105.97925908,44.61274674529763,883.86
485008,537.562,106.1858166,44.729824303762655,883.86
486000,538.0,106.1858166,44.729824303762655,883.86
487008,538.437,106.1858166,44.729824303762655,883.86
488000,538.906,106.1858166,44.729824303762655,883.86
489008,539.359,107.30820743,44.71839312342519,883.86
490000,542.109,107.30820743,44.71839312342519,883.86
491008,542.562,107.30820743,44.71839312342519,883.86
492000,546.609,106.76570991999999,43.882828909999965,884.0
493008,547.047,106.82818690000002,43.773620438227,884.0
494000,547.469,106.82818690000002,43.773620438227,884.0
495008,547.859,108.25094455,43.63571393342258,891.48
496000,548.25,108.23333964000001,43.63264453259261,891.48
497008,548.625,108.3189371,43.69435758095382,891.48
498000,549.016,108.3189371,43.69435758095382,891.48
499008,549.344,111.40852736,43.47503813914775,899.01
500000,553.312,111.40852736,43.47503813914775,899.01
501008,553.766,111.81125008000001,43.394300341734855,899.01
502000,554.234,111.74132506,43.56611318642294,899.01
503008,554.719,111.74132506,43.56611318642294,899.01
504000,555.172,111.58747157000002,43.76360171003787,891.0
505008,555.672,113.71237526,43.48645179831496,898.74
506000,556.172,113.71237526,43.48645179831496,898.74
507008,556.703,113.71237526,43.48645179831496,898.74
508000,560.844,113.88600407,42.716341691715854,898.14
509008,561.312,114.07375558,43.915145813336714,890.6
510000,565.344,114.07375558,43.915145813336714,890.6
511008,565.766,113.85090917000001,44.03375979139284,890.6
512000,566.141,115.34602636000001,43.22834750583302,897.94
513008,566.531,115.84334834,43.453168974014844,897.94
514000,566.922,115.84334834,43.453168974014844,897.94
515008,567.266,117.58544955,42.742201917628705,905.68
516000,567.625,117.91752342,41.8605959807883,905.24
517008,568.016,117.91752342,41.8605959807883,905.24
518000,568.437,118.30115737000001,42.065596911971376,905.24
519008,568.812,118.30115737000001,42.065596911971376,905.24
520000,573.797,118.69968306000001,42.060026284494086,905.24
521008,574.187,118.69968306000001,42.060026284494086,905.24
522000,574.594,118.69968306000001,42.060026284494086,905.24
523008,575.062,118.69968306000001,42.060026284494086,905.24
524000,575.5,119.30741924,42.14861123127189,905.24
525008,579.5,120.59161394999997,41.57621416155685,913.57
526000,579.844,120.59161394999997,41.57621416155685,913.57
527008,580.203,121.20377262000002,41.801642834754865,913.57
528000,580.531,120.85332507000003,42.66396797155798,905.7
529008,580.891,120.85332507000003,42.66396797155798,905.7
530000,584.547,120.85332507000003,42.66396797155798,905.7
531008,584.906,121.35367364999998,43.07412098916473,905.7
532000,585.297,121.38130222,43.078629824974634,905.7
533008,585.75,121.38130222,43.078629824974634,905.7
534000,586.187,121.83374211999998,43.20084786797556,905.7
535008,586.672,121.83374211999998,43.20084786797556,905.7
536000,587.109,122.10811398999998,43.28862071679879,905.7
537008,587.594,122.10811398999998,43.28862071679879,905.7
538000,588.094,122.10811398999998,43.28862071679879,905.7
539008,588.594,121.61481200999998,43.813305195712125,897.63
540000,591.828,122.43938909999999,44.01511646860162,897.63
541008,595.672,123.00302831,44.14586878586092,897.63
542000,596.031,123.00302831,44.14586878586092,897.63
543008,596.422,125.29557929,44.19390131403893,897.63
544000,596.766,126.42455939999999,44.03795976033321,897.63
545008,597.109,126.42455939999999,44.03795976033321,897.63
546000,597.516,126.42455939999999,44.03795976033321,897.63
547008,597.906,127.94787207999998,42.63265195926072,905.5
548000,598.406,128.28050122,42.64996441874422,905.5
549008,598.953,128.28050122,42.64996441874422,905.5
550000,603.422,127.25953463,43.71906255138324,897.4
551008,603.875,127.25953463,43.71906255138324,897.4
552000,604.406,127.25953463,43.71906255138324,897.4
553008,604.937,127.25953463,43.71906255138324,897.4
554000,605.594,127.25953463,43.71906255138324,897.4
555008,606.187,127.53918187000001,43.71467560535112,897.4
556000,606.766,127.72349711999999,43.83077986833592,897.4
557008,607.203,128.10138955,43.954148632456196,897.4
558000,611.172,128.10138955,43.954148632456196,897.4
559008,611.578,131.31862579,40.955278732352994,913.2
560000,614.25,131.37341181,40.89351367815151,913.2
561008,614.656,131.37341181,40.89351367815151,913.2
562000,615.094,131.75530233,39.97352357927051,912.48
563008,615.469,132.12759172000003,39.95968260061036,912.48
564000,615.906,131.91366773000001,39.955008453646975,912.48
565008,616.359,131.91366773000001,39.955008453646975,912.48
566000,616.859,132.07616214,39.996622899227,912.48
567008,617.312,132.07616214,39.996622899227,912.48
568000,617.781,132.07616214,39.996622899227,912.48
569008,618.281,132.07616214,39.996622899227,912.48
570000,621.859,132.07616214,39.996622899227,912.48
571008,622.422,131.91240769,39.906276914463035,912.48
572000,622.953,132.27271731,40.00372764145258,912.48
573008,623.406,133.65147172000002,38.94333245320212,920.62
574000,627.453,133.65147172000002,38.94333245320212,920.62
575008,627.828,133.33229490000002,38.957691492345575,920.62
576000,628.203,134.15424608,39.23749304968335,920.72
577008,628.531,134.15424608,39.23749304968335,920.72
578000,628.922,134.25771026,39.270960418499726,920.72
579008,629.312,134.34262548,39.40415675410633,920.72
580000,634.391,134.39871189,39.42774665052522,920.72
581008,634.797,134.39871189,39.42774665052522,920.72
582000,635.25,134.34753311000003,39.93218816747438,920.72
583008,635.687,134.34753311000003,39.93218816747438,920.72
584000,636.141,134.34753311000003,39.93218816747438,920.72
585008,636.687,134.34753311000003,39.93218816747438,920.72
586000,637.203,134.34753311000003,39.93218816747438,920.72
587008,637.703,134.34907596000002,39.93175500484084,920.72
588000,638.203,135.12706901,39.734096354473124,920.72
589008,638.75,135.02579553,39.651882044668525,920.72
590000,646.625,135.02579553,39.651882044668525,920.72
591008,647.172,135.57820890999997,39.864228896158735,920.72
592000,647.594,135.52792712000002,39.73043871533125,920.72
593008,648.031,135.52792712000002,39.73043871533125,920.72
594000,648.484,135.58019068000002,39.717410122202566,920.72
595008,648.922,136.68969184,37.92159213978058,928.31
596000,649.391,136.82325290999998,37.95951265264379,928.31
597008,649.859,136.82325290999998,37.95951265264379,928.31
598000,650.297,138.65805998000002,36.36403700115457,935.67
599008,650.75,137.16644605999997,37.84718198661551,927.55
600000,654.672,137.16644605999997,37.84718198661551,927.55
601008,655.125,135.81462188999998,39.457997328738834,919.43
602000,655.578,135.81462188999998,39.457997328738834,919.43
603008,656.125,136.10819261,39.68189260113326,919.43
604000,656.609,136.5418077,39.60678662806822,919.43
605008,657.187,136.80370859,39.528641120395584,919.43
606000,657.672,136.80370859,39.528641120395584,919.43
607008,661.484,135.49278151,40.55518717680933,911.64
608000,661.859,136.66417983,38.91115103351643,919.64
609008,662.219,135.46457956999998,40.01549598295157,911.99
610000,666.219,136.03274954,40.44621953165388,911.99
611008,666.656,136.3345733,40.52596539046898,911.99
612000,667.141,135.13070513,41.144272776969345,904.3
613008,667.625,135.13070513,41.144272776969345,904.3
614000,668.094,135.49180481999997,41.215709945220446,904.3
615008,668.547,135.53476621,41.2292731597376,904.3
616000,669.0,135.53476621,41.2292731597376,904.3
617008,669.406,135.84241297999998,41.31198620865443,904.3
618000,669.812,135.84241297999998,41.31198620865443,904.3
619008,670.25,135.84241297999998,41.31198620865443,904.3
620000,672.797,135.90052096999997,41.32925892746491,904.3
621008,673.234,135.69804924,41.31687856149959,904.3
622000,673.734,135.69804924,41.31687856149959,904.3
623008,677.437,136.41129265,39.85917550790212,912.17
624000,677.781,136.21129087,39.75709686764128,912.17
625008,678.109,136.58503406,39.87038035163363,912.17
626000,678.437,136.54552378,39.85319117120902,912.17
627008,678.781,137.97007405,39.28418558345694,920.24
628000,679.125,138.50806282000002,39.499113695456316,920.24
629008,679.484,138.50806282000002,39.499113695456316,920.24
630000,683.203,137.87928427,39.386233466539665,920.24
631008,683.578,136.71561748,39.9871104486123,912.1
632000,683.984,136.71561748,39.9871104486123,912.1
633008,684.375,136.86196630999999,40.13847819393739,912.1
634000,684.781,136.86196630999999,40.13847819393739,912.1
635008,685.266,136.86196630999999,40.13847819393739,912.1
636000,685.719,137.27403119000002,40.47691307897082,912.1
637008,686.156,137.58795168000003,40.61306282501174,912.1
638000,686.609,137.58795168000003,40.61306282501174,912.1
639008,690.609,137.76369,40.80069866810877,912.1
640000,693.969,137.69630537999998,40.754870384653216,912.1
641008,694.344,137.56764500999998,40.74571420073857,912.1
642000,694.75,138.65676358000002,39.3319417563992,920.2
643008,695.125,138.96800797999998,39.35103958658363,920.2
644000,695.609,138.96800797999998,39.35103958658363,920.2
645008,696.062,138.96800797999998,39.35103958658363,920.2
646000,696.469,138.87760519,39.23803362422692,920.2
647008,696.875,139.44486214999998,39.64550068376367,920.2
648000,697.281,139.44486214999998,39.64550068376367,920.2
649008,697.703,139.37532612999996,39.62965631286662,920.2
650000,700.203,139.37532612999996,39.62965631286662,920.2
651008,700.641,139.37532612999996,39.62965631286662,920.2
652000,701.094,139.63668013999998,39.84602006514888,920.2
653008,701.562,140.38771404,40.06384707991759,920.2
654000,701.969,140.38771404,40.06384707991759,920.2
655008,702.312,141.94225865,39.32463777556279,928.31
656000,706.109,142.25214097,39.52200735140601,928.31
657008,706.484,142.37073833,39.51966049766697,928.31
658000,706.859,142.82466989,39.546028141469804,928.31
659008,707.266,143.21169501,39.81474222095812,928.31
660000,709.516,143.21169501,39.81474222095812,928.31
661008,709.922,143.21169501,39.81474222095812,928.31
662000,710.312,143.30552440000002,39.84600755273047,928.31
663008,710.687,143.36015866,39.91767480014835,928.31
664000,711.047,143.36015866,39.91767480014835,928.31
665008,711.437,143.34321259,39.91916299746855,928.31
666000,711.891,143.34321259,39.91916299746855,928.31
667008,712.328,143.34321259,39.91916299746855,928.31
668000,712.797,143.88310278999998,40.142040877383394,928.31
669008,713.25,144.37607499,40.059467153773795,928.31
670000,715.437,144.37607499,40.059467153773795,928.31
671008,715.859,145.49725138,38.1484041212091,936.27
672000,719.703,145.53938525,38.15797323774545,936.27
673008,720.078,145.22051291000002,38.09283708944612,936.27
674000,720.516,145.87574921,38.21902595890335,936.27
675008,720.906,145.63825112,38.22764265869609,936.27
676000,721.344,145.63825112,38.22764265869609,936.27
677008,721.797,145.63825112,38.22764265869609,936.27
678000,722.344,146.98151958,38.003886675429854,936.27
679008,722.859,146.77062340000003,37.97836819338808,936.27
680000,727.016,146.77062340000003,37.97836819338808,936.27
681008,727.484,146.75317428,37.97519679012446,936.27
682000,728.016,146.75317428,37.97519679012446,936.27
683008,728.594,146.75317428,37.97519679012446,936.27
684000,729.281,146.96108346,37.95581810708855,936.27
685008,730.062,146.84823583000002,37.86648896584922,936.27
686000,730.812,146.84823583000002,37.86648896584922,936.27
687008,731.437,147.38178689000003,37.97521769734537,936.27
688000,732.0,148.02637895,38.19170045988446,936.27
689008,736.25,147.98867551,38.18526010678498,936.27
690000,738.562,148.15119164,36.71096692808782,936.72
691008,738.922,149.73709751,35.4352288908393,944.76
692000,739.25,149.73709751,35.4352288908393,944.76
693008,739.641,149.73709751,35.4352288908393,944.76
694000,740.062,149.77773361,35.35039299794847,944.76
695008,740.484,151.747749,30.78134024201873,961.0
696000,740.859,151.747749,30.78134024201873,961.0
697008,741.266,151.64287431,30.69987326719213,961.0
698000,741.656,151.64287431,30.69987326719213,961.0
699008,742.125,151.64287431,30.69987326719213,961.0
700000,744.437,151.55102619999997,30.714979230804012,961.0
701008,744.953,152.3597717,30.64929854549214,961.0
702000,745.437,152.3597717,30.64929854549214,961.0
703008,745.859,153.23593341000003,28.631115641815118,968.79
704000,746.219,153.1921964,28.656822923691074,968.79
705008,750.078,152.79286789,28.771615984903068,968.79
706000,750.453,153.34624277999998,28.916928360530957,968.79
707008,750.812,153.88961938,26.413769854780394,976.44
708000,751.203,152.97095757,28.118205072756055,968.05
709008,751.625,152.97095757,28.118205072756055,968.05
710000,753.844,154.28240083,26.459224095308286,975.74
711008,754.203,154.43667392999998,26.82633685458828,975.74
712000,754.531,154.43667392999998,26.82633685458828,975.74
713008,754.891,154.16174248,27.003769627961844,975.74
714000,755.266,154.16174248,27.003769627961844,975.74
715008,755.672,154.16174248,27.003769627961844,975.74
716000,756.094,154.42209262999998,27.204453046071762,975.74
717008,756.531,154.48786632999997,27.20419485647442,975.74
718000,757.016,154.48786632999997,27.20419485647442,975.74
719008,757.469,154.94114662,27.0080153453609,975.74
720000,760.031,154.86642046,27.04699810097239,975.74
721008,765.516,154.86642046,27.04699810097239,975.74
722000,766.312,155.41506693,27.05243112242543,975.74
723008,767.031,155.99945808,27.430463993567805,975.74
724000,767.703,155.89832728,27.319266896886436,975.74
725008,768.422,155.89832728,27.319266896886436,975.74
726000,769.156,155.06123599999998,29.2323931460537,968.0
727008,769.891,156.75722264,27.66723569553171,976.14
728000,770.609,156.75722264,27.66723569553171,976.14
729008,771.344,156.99743826000002,27.722839707635185,976.14
730000,774.297,156.99743826000002,27.722839707635185,976.14
731008,774.734,156.99743826000002,27.722839707635185,976.14
732000,775.203,156.90909299000003,27.645701357252875,976.14
733008,775.687,156.76673411000002,27.50724411687907,976.14
734000,776.187,156.76673411000002,27.50724411687907,976.14
735008,776.687,155.98511883,27.485339183780837,976.14
736000,777.234,156.31563775000004,27.18070125494923,976.14
737008,777.859,156.31563775000004,27.18070125494923,976.14
738000,782.187,155.37904662,28.674641730570073,968.02
739008,782.953,155.6756741,28.55946595182559,968.02
740000,788.797,155.97809961000002,28.740006793009627,968.02
741008,789.703,155.97809961000002,28.740006793009627,968.02
742000,790.516,156.50597018000002,28.501416910825014,968.02
743008,791.062,156.07777832000002,28.27289382390821,968.02
744000,791.516,157.33687484,30.46833788059795,961.12
745008,791.937,157.31290199,30.447127947298494,961.12
746000,792.359,157.31290199,30.447127947298494,961.12
747008,792.812,157.31290199,30.447127947298494,961.12
748000,793.359,156.68450086,30.431985177808727,961.12
749008,793.828,156.80833280000002,30.403202686020748,961.12
750000,796.719,156.80833280000002,30.403202686020748,961.12
751008,797.281,156.33612329,30.16151060643818,961.12
752000,797.828,156.60278016,30.040524765719553,961.12
753008,798.359,156.60278016,30.040524765719553,961.12
754000,802.406,156.91449444999998,30.13993065341781,961.12
755008,802.875,156.49674857999997,30.278246984519278,961.12
756000,803.266,156.54067207999998,30.331440719676394,961.12
757008,803.672,156.54067207999998,30.331440719676394,961.12
758000,804.047,156.99969836000002,30.56479734627454,961.12
759008,804.406,156.32068889,30.60310247122822,961.12
760000,807.031,156.80835188,30.711546029706412,961.12
761008,807.469,156.59712439,30.57458574991278,961.12
762000,807.891,156.59712439,30.57458574991278,961.12
763008,808.359,156.59712439,30.57458574991278,961.12
764000,808.812,156.11680841,30.860912490518,961.12
765008,809.234,156.25558701000003,31.00988947086698,961.12
766000,809.672,156.25558701000003,31.00988947086698,961.12
767008,810.094,156.69544047000002,31.182169083609992,961.12
768000,810.484,156.92832878000002,30.97201356595571,961.12
769008,810.891,156.92832878000002,30.97201356595571,961.12
770000,813.234,157.09314331,30.948569542902877,961.12
771008,817.078,156.92905389,30.83999209535623,961.12
772000,817.484,157.00354369,30.786741835175704,961.12
773008,817.906,157.00354369,30.786741835175704,961.12
774000,818.328,155.68884217999997,31.130559638791578,961.12
775008,818.687,156.31455758,31.274695123903406,961.12
776000,819.031,156.36683746999998,31.273132232680762,961.12
777008,819.344,156.11160755999998,31.397644749341467,961.12
778000,819.703,156.11160755999998,31.397644749341467,961.12
779008,820.094,156.11160755999998,31.397644749341467,961.12
780000,822.422,156.36019667,31.614356993759536,961.12
781008,822.922,156.50172595,31.69285837827436,961.12
782000,823.422,156.50172595,31.69285837827436,961.12
783008,823.875,156.76232794,31.95616571653279,961.12
784000,824.297,156.30125344,32.20683958669392,961.12
785008,824.797,156.30125344,32.20683958669392,961.12
786000,825.25,156.2610382,32.100427579858234,961.12
787008,829.031,157.02555694,30.82693561695324,968.85
788000,829.406,157.03441124,30.82701333044208,968.85
789008,829.828,157.03441124,30.82701333044208,968.85
790000,831.953,154.82222303,34.28000264080099,960.99
791008,832.266,155.82834914,34.06239065076666,960.99
792000,832.547,155.69022544999999,34.03129269100967,960.99
793008,832.875,156.20092635,34.20408746727063,960.99
794000,833.203,156.20092635,34.20408746727063,960.99
795008,833.578,154.90864365000002,35.32915676944829,952.79
796000,833.937,155.11523959,35.455764496638245,952.79
797008,834.312,155.53677258,35.60270087036688,952.79
798000,834.703,155.53677258,35.60270087036688,952.79
799008,835.062,155.99946046000002,35.61021291425758,952.79
800000,837.187,155.26219164000003,36.25275941485106,944.83
801008,837.562,155.26219164000003,36.25275941485106,944.83
802000,837.937,154.92940705,36.32537850542802,944.83
803008,841.359,154.16512182,37.193002568425236,936.97
804000,841.687,155.21463803,35.89182913682899,945.36
805008,842.078,155.21463803,35.89182913682899,945.36
806000,842.422,154.74737758,35.62631189983535,945.36
807008,842.75,154.84613016,35.34189973144438,945.36
808000,843.078,154.84613016,35.34189973144438,945.36
809008,843.391,154.98080689000003,35.37791992209546,945.36
810000,845.641,154.98080689000003,35.37791992209546,945.36
811008,846.016,154.87950886000002,35.37756569531598,945.36
812000,846.406,155.15464937000002,35.26411738255454,945.36
813008,846.797,155.15464937000002,35.26411738255454,945.36
814000,847.187,154.18181281,36.67683107868861,937.39
815008,847.594,154.74103555999997,36.77787452453084,937.39
816000,847.937,154.31980398,36.76757372708145,937.39
817008,848.297,154.31980398,36.76757372708145,937.39
818000,848.656,154.02343345,36.63322492999313,937.39
819008,849.0,153.8818357,36.516039814681406,937.39
820000,853.859,155.32711965000001,35.092102006580596,945.13
821008,854.219,154.25704635000002,36.80227180761462,937.25
822000,854.547,153.5954245,36.88290112370179,937.25
823008,854.859,152.56939273,36.948332199303096,937.25
824000,855.172,152.56939273,36.948332199303096,937.25
825008,855.5,153.04436991000003,37.05184345674313,937.25
826000,855.875,153.04436991000003,37.05184345674313,937.25
827008,856.281,153.04436991000003,37.05184345674313,937.25
828000,856.703,152.93041436000001,37.0862439423162,937.25
829008,857.125,152.93041436000001,37.0862439423162,937.25
830000,859.0,153.20016080000002,37.10781251894289,937.25
831008,859.422,154.77403254000004,36.24147502022728,945.37
832000,859.812,154.54068862000003,36.441481693034305,945.37
833008,860.156,154.54068862000003,36.441481693034305,945.37
834000,860.641,154.54068862000003,36.441481693034305,945.37
835008,861.078,154.71140230000003,36.686387300878835,945.37
836000,865.297,154.53937442000003,36.56979586279768,945.37
837008,865.687,154.32137075,36.67387735872751,945.37
838000,865.969,153.50327685,35.91141988725529,944.58
839008,866.219,153.63029282,35.859025990832784,944.58
840000,868.281,153.63029282,35.859025990832784,944.58
841008,868.547,153.94309182,36.01327706895505,944.58
842000,868.844,152.84821255,37.45656766742636,936.65
843008,869.156,152.84821255,37.45656766742636,936.65
844000,869.531,152.74128628,37.44899345266429,936.65
845008,869.906,152.74128628,37.44899345266429,936.65
846000,870.297,152.92606555,37.51086771723503,936.65
847008,870.672,153.67471060000003,38.83287849032431,936.64
848000,871.0,153.97805324,38.732424033421026,936.64
849008,871.328,153.97805324,38.732424033421026,936.64
850000,873.344,153.97805324,38.732424033421026,936.64
851008,873.719,153.80512677,38.585357267976924,936.64
852000,877.203,154.05479548,38.71995123095636,936.64
853008,877.562,154.64802932,38.890082223944454,936.64
854000,877.875,154.76894858999998,38.53710827442061,936.64
855008,878.141,155.33476446,38.34894583611067,936.64
856000,878.422,155.33476446,38.34894583611067,936.64
857008,878.703,153.94112629,39.1758526202174,928.83
858000,879.016,153.81359668999997,39.0769353648159,928.83
859008,879.359,153.81359668999997,39.0769353648159,928.83
860000,881.516,153.99222120000002,39.05609033077694,928.83
861008,881.937,153.99222120000002,39.05609033077694,928.83
862000,882.344,153.80486985,39.043338970501665,928.83
863008,882.734,154.45454181000002,39.315816830461,928.83
864000,883.078,154.40851550000002,39.336964774796925,928.83
865008,883.437,154.40851550000002,39.336964774796925,928.83
866000,883.828,154.40851550000002,39.336964774796925,928.83
867008,884.266,155.13658298000001,38.961067623004666,928.83
868000,884.641,154.94726950000003,38.99205613198919,928.83
869008,888.219,154.87188237,39.03009481732655,928.83
870000,890.219,154.73927487999998,38.87291922636948,928.83
871008,890.516,154.93189801,38.63558124034899,928.83
872000,890.812,154.93189801,38.63558124034899,928.83
873008,891.125,154.09430691,38.45771587911997,928.83
874000,891.406,154.13602629000002,38.46682882253771,928.83
875008,891.75,154.13602629000002,38.46682882253771,928.83
876000,892.172,154.70272081000002,38.31850899770908,928.83
877008,892.531,154.70272081000002,38.31850899770908,928.83
878000,892.891,154.41319849,38.22277101188639,928.83
879008,893.234,154.69763125,38.34012971033745,928.83
880000,895.25,154.74307765999998,38.346405890092655,928.83
881008,895.578,154.74307765999998,38.346405890092655,928.83
882000,895.906,154.74307765999998,38.346405890092655,928.83
883008,896.297,154.85263889999996,38.39366928271711,928.83
884000,896.672,156.39423619999997,35.29651165664938,936.69
885008,900.203,156.63545136,35.44344266537063,936.69
886000,900.547,155.49875297,36.8308258746105,928.66
887008,900.859,156.11935534,35.38955855788594,936.86
888000,901.172,156.11935534,35.38955855788594,936.86
889008,901.5,155.27214025,35.23827827661279,936.86
890000,903.656,155.17356758,35.18427033201344,936.86
891008,904.016,155.17356758,35.18427033201344,936.86
892000,904.406,155.50071715,35.15534218945724,936.86
893008,904.797,155.50071715,35.15534218945724,936.86
894000,905.219,157.45596915,35.97965591865332,940.24
895008,905.609,158.43406896999997,36.077875534062855,940.24
896000,905.984,159.2294485,34.992857950742525,948.1
897008,906.344,159.2294485,34.992857950742525,948.1
898000,906.734,157.96787106,37.08674310892289,940.04
899008,907.141,157.96787106,37.08674310892289,940.04
900000,909.281,158.30059588999998,37.00476425302084,940.04
901008,909.703,157.54722801999998,37.94604078929527,932.46
902000,913.25,157.67233552,38.02812280632717,932.46
903008,913.531,157.83421578999997,38.07856446864054,932.46
904000,913.812,157.83421578999997,38.07856446864054,932.46
905008,914.125,158.83637664999998,36.61966704207127,940.43
906000,914.406,158.84591425,36.62617035422787,940.43
907008,914.766,158.84591425,36.62617035422787,940.43
908000,915.141,158.83351423,36.62252832264578,940.43
909008,915.516,158.83351423,36.62252832264578,940.43
910000,917.75,160.66668215000004,38.453794374779264,936.6
911008,918.141,160.40767697,38.43662834797496,936.6
912000,918.5,160.34301493,38.389520300486026,936.6
913008,918.891,160.34301493,38.389520300486026,936.6
914000,919.312,160.34301493,38.389520300486026,936.6
915008,919.75,160.34301493,38.389520300486026,936.6
916000,920.203,160.34301493,38.389520300486026,936.6
917008,920.672,161.75437355,36.87162764286801,944.48
918000,924.281,162.00295737,36.544177393634364,944.48
919008,924.625,162.93720322000001,36.22516623933042,944.48
920000,927.781,162.93720322000001,36.22516623933042,944.48
921008,928.156,162.02647094,37.431437640795515,936.38
922000,928.5,161.76723292,37.298912691415396,936.38
923008,928.844,164.81017809000002,41.36817600614812,928.37
924000,929.234,164.81017809000002,41.36817600614812,928.37
925008,929.703,164.81017809000002,41.36817600614812,928.37
926000,930.172,164.55040784000002,41.195650338409536,928.37
927008,930.625,166.03057127,42.34675939244673,924.04
928000,930.969,166.28070531999998,43.824858098420314,917.06
929008,931.312,166.28070531999998,43.824858098420314,917.06
930000,933.328,166.28070531999998,43.824858098420314,917.06
931008,933.75,165.87726246000003,44.725808456478106,916.84
932000,934.141,165.87726246000003,44.725808456478106,916.84
933008,934.562,166.19214799000002,44.64707387659585,916.84
934000,938.109,166.19214799000002,44.64707387659585,916.84
935008,938.484,167.05730768,45.23056978552081,914.94
936000,938.797,168.25668457,46.97195568100777,910.28
937008,939.062,165.703553,48.43976895052831,902.29
938000,939.312,165.703553,48.43976895052831,902.29
939008,939.578,165.67056725000003,48.426206113961285,902.29
940000,941.609,165.67056725000003,48.426206113961285,902.29
941008,941.969,167.35105062000002,50.42206714712636,895.58
942000,942.328,166.43229747,52.14585101846098,887.81
943008,942.672,166.31597030000003,52.157889080136705,887.81
944000,943.0,166.31597030000003,52.157889080136705,887.81
945008,943.344,167.31861702000003,53.63988058102249,882.93
946000,943.703,167.31861702000003,53.63988058102249,882.93
947008,944.125,167.31861702000003,53.63988058102249,882.93
948000,944.547,166.14492347000004,54.67079794095648,874.72
949008,944.984,166.14492347000004,54.67079794095648,874.72
950000,946.984,167.21958507000002,55.554625025163126,874.15
951008,950.594,166.98429535000002,55.45013006875621,874.15
952000,950.922,167.04278920000002,55.41844460303235,874.15
953008,951.187,168.67728220000004,56.21834572708779,870.24
954000,951.422,168.67728220000004,56.21834572708779,870.24
955008,951.687,168.67728220000004,56.21834572708779,870.24
956000,952.031,168.67728220000004,56.21834572708779,870.24
957008,952.375,169.00224821,56.21318973869825,870.24
958000,952.781,168.78968545,56.23902864367177,870.24
959008,953.141,168.78968545,56.23902864367177,870.24
960000,955.25,168.78968545,56.23902864367177,870.24
961008,955.656,169.50414262,56.09388910662123,870.24
962000,956.062,169.50414262,56.09388910662123,870.24
963008,956.531,169.50414262,56.09388910662123,870.24
964000,956.969,169.42004266000004,56.10747756924571,870.24
965008,957.422,169.42004266000004,56.10747756924571,870.24
966000,957.859,169.93681762,56.71862599721371,868.12
967008,961.406,169.99906728999997,56.76487860638827,868.12
968000,961.75,169.64216796,56.83297536837613,868.12
969008,962.047,168.73031762000005,57.53394393812258,859.9
970000,964.031,168.73031762000005,57.53394393812258,859.9
971008,964.359,170.97364246000004,57.27191919507625,865.88
972000,964.703,171.42801489000001,59.48764196705314,850.03
973008,965.016,173.02722531000003,60.471905657497246,849.35
974000,965.281,174.22782793,61.80439833089495,843.32
975008,965.547,174.22782793,61.80439833089495,843.32
976000,965.828,175.27451757999998,62.4643179776326,839.89
977008,966.125,175.63833859,62.95227979835386,835.67
978000,966.437,175.63833859,62.95227979835386,835.67
979008,966.828,175.63833859,62.95227979835386,835.67
980000,968.75,175.63833859,62.95227979835386,835.67
981008,969.156,175.63833859,62.95227979835386,835.67
982000,969.547,177.12936299,64.08588101122433,834.99
983008,969.922,178.45740062999997,62.4977314555134,843.05
984000,973.453,182.57926910000003,63.655931839889455,844.27
985008,973.75,181.43247885999997,65.01536577300837,836.2
986000,974.031,183.59636612999998,66.40722598585377,830.67
987008,974.312,182.59205151000003,67.36874688646424,822.57
988000,974.594,181.78712399,68.2103084234502,814.48
989008,974.891,181.92054080999998,68.21463246964548,814.48
990000,976.969,179.31125595999998,69.12157269431925,810.46
991008,977.219,179.33010443999999,70.99402575113407,789.25
992000,977.484,179.42330698,70.9945272189793,789.25
993008,977.719,178.87948324999996,72.9288287028372,773.71
994000,977.984,178.87948324999996,72.9288287028372,773.71
995008,978.297,177.79344985999995,74.007470926065,765.53
996000,978.625,177.79344985999995,74.007470926065,765.53
997008,978.984,177.79344985999995,74.007470926065,765.53
998000,979.344,178.99326934999996,74.81863869210389,760.27
999008,979.719,181.94599621,75.05697856011486,766.71
1000000,985.016,182.95241914000002,75.37490184336103,761.22
1001008,985.328,184.11039208000003,76.31973469427635,759.88
1002000,985.656,185.08075794,76.91363991902524,757.14
1003008,985.953,182.78723515000001,77.75148252115028,753.19
1004000,986.281,183.90777297000005,77.67481922657288,749.08
1005008,986.562,186.0750298,78.88932336158217,736.53
1006000,986.812,186.18293777000002,79.22046457811173,739.36
1007008,987.031,185.15715992999998,79.36986493452541,742.87
1008000,987.25,185.15715992999998,79.36986493452541,742.87
1009008,987.484,188.78281148,80.8244301977299,725.71
1010000,989.328,187.12917266999997,81.05947770804158,723.13
1011008,989.672,187.06395261,80.99049737166669,717.48
1012000,990.016,187.06395261,80.99049737166669,717.48
1013008,990.375,188.52175564,81.70258859917035,710.04
1014000,990.687,192.23118908999996,81.2631168274072,699.21
1015008,990.984,194.19952126999996,79.89826918691901,707.23
